epoch,time,train/box_loss,train/cls_loss,train/dfl_loss,metrics/precision(B),metrics/recall(B),metrics/mAP50(B),metrics/mAP50-95(B),val/box_loss,val/cls_loss,val/dfl_loss,lr/pg0,lr/pg1,lr/pg2
1,1079,2.07901,3.08185,1.78306,0.77942,0.09626,0.08246,0.03293,2.21897,3.11643,1.91576,0.00047434,0.00047434,0.00047434
2,2038.92,2.05437,2.61257,1.73552,0.79534,0.11173,0.09623,0.04026,2.21661,2.91107,1.81184,0.00093185,0.00093185,0.00093185
3,3193.81,2.06237,2.43718,1.74501,0.80913,0.12142,0.11439,0.04484,2.15977,2.51647,1.85072,0.0013705,0.0013705,0.0013705
4,3821.48,2.06185,2.34587,1.72451,0.51537,0.11606,0.09206,0.03333,2.30712,2.71152,1.87645,0.00134412,0.00134412,0.00134412
5,5065.65,1.99587,2.20893,1.69078,0.83347,0.1392,0.1422,0.05734,2.07486,2.47932,1.73114,0.00131582,0.00131582,0.00131582
6,7604.85,1.97625,2.12635,1.64437,0.85569,0.13697,0.16455,0.06878,2.03748,2.11805,1.66472,0.00128753,0.00128753,0.00128753
7,8901.68,1.95516,2.09048,1.63883,0.86377,0.1386,0.16942,0.07557,1.9887,1.92543,1.6564,0.00125923,0.00125923,0.00125923
8,10176.6,1.90757,2.05134,1.61928,0.83699,0.14929,0.1654,0.07058,2.01083,2.13446,1.64915,0.00123094,0.00123094,0.00123094
9,905.303,1.9126,2.0025,1.61434,0.24579,0.21975,0.19588,0.08445,1.97408,1.84269,1.63448,0.00120265,0.00120265,0.00120265
10,1989.82,1.86987,1.93509,1.57507,0.28436,0.18887,0.20348,0.0865,1.96395,1.87659,1.62411,0.00117435,0.00117435,0.00117435
11,3027.98,1.8452,1.877,1.54642,0.85121,0.15743,0.20664,0.08608,1.94982,1.95815,1.62483,0.00114606,0.00114606,0.00114606
12,3803.94,1.83831,1.88433,1.54745,0.3306,0.24963,0.20067,0.08715,1.95646,1.88726,1.63298,0.00111776,0.00111776,0.00111776
13,4805.37,1.79939,1.82653,1.53878,0.58464,0.21497,0.21187,0.09228,1.95168,1.82068,1.63315,0.00108947,0.00108947,0.00108947
14,5423.09,1.79229,1.78492,1.50498,0.63587,0.18067,0.21411,0.09402,1.97799,1.82202,1.63036,0.00106118,0.00106118,0.00106118
15,6125.01,1.78946,1.76251,1.49922,0.24515,0.24212,0.20983,0.09284,1.9286,1.75525,1.56996,0.00103288,0.00103288,0.00103288
16,6833.23,1.73967,1.73397,1.48524,0.3306,0.24165,0.22945,0.10352,1.8972,1.82045,1.56014,0.00100459,0.00100459,0.00100459
17,7439.62,1.79793,1.75841,1.50542,0.27144,0.29437,0.24472,0.10756,1.88921,1.72437,1.57327,0.000976293,0.000976293,0.000976293
18,11809.8,1.79118,1.7439,1.49062,0.26569,0.28735,0.24514,0.1094,1.88311,1.72114,1.56904,0.000947999,0.000947999,0.000947999
19,14429.2,1.7665,1.72105,1.49094,0.57653,0.24936,0.25754,0.11377,1.87185,1.67191,1.55615,0.000919704,0.000919704,0.000919704
20,16066.7,1.74151,1.67532,1.46454,0.21838,0.29855,0.24606,0.10767,1.85761,1.75402,1.51447,0.00089141,0.00089141,0.00089141
21,17489,1.74683,1.69485,1.46563,0.39965,0.23917,0.24543,0.11065,1.86018,1.72242,1.55228,0.000863116,0.000863116,0.000863116
22,19210.8,1.7335,1.68831,1.48256,0.38472,0.27433,0.25366,0.11436,1.86688,1.7399,1.53735,0.000834822,0.000834822,0.000834822
23,19915,1.70776,1.63768,1.45601,0.32585,0.29937,0.2755,0.12094,1.8503,1.61053,1.53082,0.000806528,0.000806528,0.000806528
24,20982.1,1.72461,1.59169,1.44196,0.31769,0.28943,0.25575,0.11579,1.85348,1.62466,1.52283,0.000778233,0.000778233,0.000778233
25,21632.2,1.71387,1.60119,1.43467,0.35096,0.2806,0.26809,0.12055,1.83631,1.62876,1.52625,0.000749939,0.000749939,0.000749939
26,22217.8,1.68451,1.55879,1.4391,0.28009,0.31804,0.26871,0.12239,1.81132,1.59953,1.48976,0.000721645,0.000721645,0.000721645
27,22832.3,1.67377,1.57636,1.43487,0.32623,0.3318,0.28154,0.12784,1.81826,1.58307,1.51366,0.000693351,0.000693351,0.000693351
28,23508.8,1.65317,1.54163,1.41289,0.31495,0.32993,0.28146,0.12877,1.79594,1.60688,1.5005,0.000665057,0.000665057,0.000665057
29,24128,1.64275,1.53576,1.429,0.27049,0.30989,0.25752,0.12084,1.81992,1.57949,1.51323,0.000636762,0.000636762,0.000636762
30,24926,1.67751,1.53262,1.43389,0.32476,0.32561,0.28423,0.13331,1.78283,1.52042,1.46493,0.000608468,0.000608468,0.000608468
31,25527.1,1.63638,1.52804,1.41298,0.32066,0.29684,0.28446,0.13271,1.81676,1.50879,1.51397,0.000580174,0.000580174,0.000580174
32,26129.2,1.63122,1.50174,1.39594,0.3281,0.34104,0.28501,0.12868,1.82894,1.5277,1.50886,0.00055188,0.00055188,0.00055188
33,26754,1.62803,1.48433,1.39888,0.29818,0.3076,0.28233,0.13189,1.79941,1.50734,1.48639,0.000523586,0.000523586,0.000523586
34,27339.5,1.61821,1.46866,1.39216,0.37335,0.35484,0.31693,0.14489,1.78626,1.48288,1.46971,0.000495291,0.000495291,0.000495291
35,28026.9,1.60866,1.46884,1.39211,0.34297,0.34749,0.30236,0.14194,1.77999,1.46605,1.48051,0.000466997,0.000466997,0.000466997
36,30432.1,1.57809,1.41498,1.36576,0.30602,0.36301,0.29273,0.13691,1.77757,1.48211,1.47103,0.000438703,0.000438703,0.000438703
37,32999.5,1.59587,1.4344,1.37395,0.34958,0.33571,0.31006,0.14316,1.77775,1.47783,1.47233,0.000410409,0.000410409,0.000410409
38,36068.5,1.5878,1.42646,1.37519,0.36966,0.32281,0.31602,0.14314,1.77614,1.51578,1.45743,0.000382115,0.000382115,0.000382115
39,38455.5,1.56612,1.37206,1.35912,0.37448,0.3449,0.32059,0.14797,1.7718,1.45532,1.46037,0.00035382,0.00035382,0.00035382
40,43162.1,1.56663,1.36239,1.34934,0.37654,0.37185,0.33525,0.14887,1.7801,1.45176,1.46734,0.000325526,0.000325526,0.000325526
41,1482.29,1.59132,1.35015,1.35826,0.33731,0.36979,0.31518,0.14836,1.76953,1.46395,1.46311,0.000297232,0.000297232,0.000297232
42,2593.84,1.56601,1.31854,1.34337,0.37592,0.4002,0.33272,0.15204,1.76175,1.44785,1.45663,0.000268938,0.000268938,0.000268938
43,3531.6,1.55353,1.29499,1.33498,0.35437,0.38128,0.32227,0.14954,1.77362,1.43656,1.47262,0.000240644,0.000240644,0.000240644
44,4611.75,1.5406,1.27906,1.33823,0.37807,0.36315,0.32217,0.14775,1.77443,1.44375,1.47823,0.000212349,0.000212349,0.000212349
45,5344.14,1.51611,1.23989,1.31072,0.3906,0.38172,0.33524,0.15263,1.76774,1.4369,1.46032,0.000184055,0.000184055,0.000184055
46,6058.25,1.51687,1.25116,1.31204,0.42252,0.36259,0.32451,0.15141,1.76549,1.44452,1.46465,0.000155761,0.000155761,0.000155761
47,6843.09,1.50526,1.21157,1.29984,0.4405,0.33809,0.3334,0.15604,1.7583,1.43077,1.45646,0.000127467,0.000127467,0.000127467
48,8047.73,1.49442,1.22285,1.29216,0.42948,0.35375,0.33855,0.15653,1.74963,1.41081,1.45491,9.91726e-05,9.91726e-05,9.91726e-05
49,12674.1,1.48814,1.19791,1.29181,0.42752,0.35463,0.34009,0.15841,1.75224,1.41275,1.44696,7.08784e-05,7.08784e-05,7.08784e-05
50,13355.4,1.47999,1.19241,1.28289,0.41525,0.39784,0.34482,0.15982,1.75285,1.40322,1.45068,4.25842e-05,4.25842e-05,4.25842e-05
